ID,Name,PhotoUrl
949514831,Josephine Curtis,https://randomuser.me/api/portraits/women/10.jpg
229818426,Bertha Chavez,https://randomuser.me/api/portraits/women/11.jpg
206594691,Julian Franklin,https://randomuser.me/api/portraits/men/89.jpg
937607917,Carter Lopez,https://randomuser.me/api/portraits/men/24.jpg
816771701,Everett Hopkins,https://randomuser.me/api/portraits/men/50.jpg
631494197,Leona Evans,https://randomuser.me/api/portraits/women/12.jpg
898477020,Floyd Wood,https://randomuser.me/api/portraits/men/44.jpg
391163129,Wayne Williams,https://randomuser.me/api/portraits/men/1.jpg
719691829,Vivan Ramirez,https://randomuser.me/api/portraits/women/49.jpg
798694651,Amanda Ramos,https://randomuser.me/api/portraits/women/10.jpg
